{
    "model_type": "GROW-PINNs-ff+2stage",
    "Loss_Res_bal_last": 29.651845932006836,
    "Loss_BC_last": 0.00454111211001873,
    "Loss_IC_last": 0.550690233707428,
    "relative_L1_error": 1.1127408289223137,
    "relative_L2_error": 1.0777786265726321
}